Workbook

Sheet Dados
A1: id_estudante | B1: ano | C1: semestre | D1: curso | E1: disciplina | F1: nota_final | G1: assiduidade_pct | H1: situacao | I1: faixa_assiduidade
A2: E202402047 | B2: 2024 | C2: 1 | D2: Gestao | E2: Contabilidade | F2: 0 | G2: 58.3 | H2: Reprovado | I2: =IF(G2<50,"Baixa",IF(G2<75,"Média","Alta")) -> Média
A3: E202402055 | B3: 2024 | C3: 1 | D3: Gestao | E3: Estatistica | F3: 0 | G3: 53 | H3: Reprovado | I3: =IF(G3<50,"Baixa",IF(G3<75,"Média","Alta")) -> Média
A4: E202401002 | B4: 2024 | C4: 2 | D4: Engenharia de Telecomunicacoes | E4: Redes | F4: 0 | G4: 54.9 | H4: Reprovado | I4: =IF(G4<50,"Baixa",IF(G4<75,"Média","Alta")) -> Média
A5: E202503038 | B5: 2025 | C5: 1 | D5: Informatica | E5: Redes | F5: 0 | G5: 49 | H5: Reprovado | I5: =IF(G5<50,"Baixa",IF(G5<75,"Média","Alta")) -> Baixa
A6: E202501053 | B6: 2025 | C6: 2 | D6: Engenharia de Telecomunicacoes | E6: Redes | F6: 0 | G6: 47.7 | H6: Reprovado | I6: =IF(G6<50,"Baixa",IF(G6<75,"Média","Alta")) -> Baixa
A7: E202603036 | B7: 2026 | C7: 1 | D7: Informatica | E7: Programacao | F7: 0 | G7: 52.2 | H7: Reprovado | I7: =IF(G7<50,"Baixa",IF(G7<75,"Média","Alta")) -> Média
A8: E202503004 | B8: 2025 | C8: 2 | D8: Informatica | E8: Bases de Dados | F8: 0.1 | G8: 67.2 | H8: Reprovado | I8: =IF(G8<50,"Baixa",IF(G8<75,"Média","Alta")) -> Média
A9: E202401023 | B9: 2024 | C9: 1 | D9: Engenharia de Telecomunicacoes | E9: Redes | F9: 0.2 | G9: 47.9 | H9: Reprovado | I9: =IF(G9<50,"Baixa",IF(G9<75,"Média","Alta")) -> Baixa
A10: E202603057 | B10: 2026 | C10: 2 | D10: Informatica | E10: Redes | F10: 0.2 | G10: 50.1 | H10: Reprovado | I10: =IF(G10<50,"Baixa",IF(G10<75,"Média","Alta")) -> Média
A11: E202502025 | B11: 2025 | C11: 1 | D11: Gestao | E11: Contabilidade | F11: 0.4 | G11: 45.8 | H11: Reprovado | I11: =IF(G11<50,"Baixa",IF(G11<75,"Média","Alta")) -> Baixa
A12: E202501012 | B12: 2025 | C12: 2 | D12: Engenharia de Telecomunicacoes | E12: Redes | F12: 0.5 | G12: 62 | H12: Reprovado | I12: =IF(G12<50,"Baixa",IF(G12<75,"Média","Alta")) -> Média
A13: E202501009 | B13: 2025 | C13: 1 | D13: Engenharia de Telecomunicacoes | E13: Matematica | F13: 0.7 | G13: 45.4 | H13: Reprovado | I13: =IF(G13<50,"Baixa",IF(G13<75,"Média","Alta")) -> Baixa
... A3241: E202603039 | B3241: 2026 | C3241: 2 | D3241: Informatica | E3241: Programacao | F3241: 20 | G3241: 86 | H3241: Aprovado | I3241: =IF(G3241<50,"Baixa",IF(G3241<75,"Média","Alta")) -> Alta

Sheet Indicadores
A1: PAINEL DE INDICADORES ACADÉMICOS
A3: Total de avaliações | B3: =COUNTA(Dados!A2:A3241) -> 3240
A4: Avaliações aprovadas | B4: =COUNTIF(Dados!H2:H3241,"Aprovado") -> 1924
A5: Avaliações reprovadas | B5: =COUNTIF(Dados!H2:H3241,"Reprovado") -> 1316
A6: Taxa de aprovação | B6: =IFERROR(B4/B3,0) -> 0.59382716
A7: Média de notas | B7: =AVERAGE(Dados!F2:F3241) -> 10.876327
A8: Média de assiduidade | B8: =AVERAGE(Dados!G2:G3241) -> 72.462932
A9: Registos sem nota | B9: =COUNTBLANK(Dados!F2:F3241) -> 0
A10: Registos com situação incoerente | B10: =COUNTIFS(Dados!F2:F3241,">=10",Dados!H2:H3241,"Reprovado")+COUNTIFS(Dados!F2:F3241,"<10",Dados!H2:H3241,"Aprovado") -> 0
A12: Nota metodológica
A13: Taxa de aprovação = avaliações aprovadas / avaliações totais; não equivale à proporção de estudantes aprovados.

Sheet AvalPorCurso
A1: Curso | B1: Avaliações | C1: Aprovadas | D1: Taxa aprovação | E1: Nota média
A2: Engenharia de Telecomunicacoes | B2: =COUNTIF(Dados!D$2:D$3241,A2) -> 1080 | C2: =COUNTIFS(Dados!D$2:D$3241,A2,Dados!H$2:H$3241,"Aprovado") -> 640 | D2: =IFERROR(C2/B2,0) -> 0.59259259 | E2: =AVERAGEIF(Dados!D$2:D$3241,A2,Dados!F$2:F$3241) -> 10.820833
A3: Gestao | B3: =COUNTIF(Dados!D$2:D$3241,A3) -> 1080 | C3: =COUNTIFS(Dados!D$2:D$3241,A3,Dados!H$2:H$3241,"Aprovado") -> 646 | D3: =IFERROR(C3/B3,0) -> 0.59814815 | E3: =AVERAGEIF(Dados!D$2:D$3241,A3,Dados!F$2:F$3241) -> 10.957593
A4: Informatica | B4: =COUNTIF(Dados!D$2:D$3241,A4) -> 1080 | C4: =COUNTIFS(Dados!D$2:D$3241,A4,Dados!H$2:H$3241,"Aprovado") -> 638 | D4: =IFERROR(C4/B4,0) -> 0.59074074 | E4: =AVERAGEIF(Dados!D$2:D$3241,A4,Dados!F$2:F$3241) -> 10.850556

Sheet AnaliseCursos
A3: Count of id_estudante | B3: Column Labels
A4: Row Labels | B4: Aprovado | C4: Reprovado | D4: Grand Total
A5: Engenharia de Telecomunicacoes | B5: 640 | C5: 440 | D5: 1080
A6: Gestao | B6: 646 | C6: 434 | D6: 1080
A7: Informatica | B7: 638 | C7: 442 | D7: 1080
A8: Grand Total | B8: 1924 | C8: 1316 | D8: 3240

Sheet Dashboard Excel

Sheet AnaliseAssi
A1: Row Labels | B1: Average of nota_final2
A2: Baixa | B2: 8.2941748
A3: Média | B3: 9.6778694
A4: Alta | B4: 12.598306
A5: Grand Total | B5: 10.876327
A8: Row Labels | B8: Count of nota_final
A9: Alta | B9: 1476
A10: Baixa | B10: 309
A11: Média | B11: 1455
A12: Grand Total | B12: 3240

Sheet EvolTemporal
A1: Count of id_estudante | B1: Column Labels
A2: Row Labels | B2: Aprovado | C2: Reprovado | D2: Grand Total
A3: 2024 | B3: 657 | C3: 423 | D3: 1080
A4: 1 | B4: 336 | C4: 204 | D4: 540
A5: 2 | B5: 321 | C5: 219 | D5: 540
A6: 2025 | B6: 627 | C6: 453 | D6: 1080
A7: 1 | B7: 303 | C7: 237 | D7: 540
A8: 2 | B8: 324 | C8: 216 | D8: 540
A9: 2026 | B9: 640 | C9: 440 | D9: 1080
A10: 1 | B10: 326 | C10: 214 | D10: 540
A11: 2 | B11: 314 | C11: 226 | D11: 540
A12: Grand Total | B12: 1924 | C12: 1316 | D12: 3240
A15: Periodo | B15: Aprovados | C15: Reprovados | D15: Taxa de Aprovação
A16: 2024 - S1 | B16: 336 | C16: 204 | D16: =IFERROR(B16/(B16+C16),0) -> 0.62222222
A17: 2024 - S2 | B17: 321 | C17: 219 | D17: =IFERROR(B17/(B17+C17),0) -> 0.59444444
A18: 2025 - S1 | B18: 303 | C18: 237 | D18: =IFERROR(B18/(B18+C18),0) -> 0.56111111
A19: 2025 - S2 | B19: 324 | C19: 216 | D19: =IFERROR(B19/(B19+C19),0) -> 0.6
A20: 2026 - S1 | B20: 326 | C20: 214 | D20: =IFERROR(B20/(B20+C20),0) -> 0.6037037
A21: 2026 - S2 | B21: 314 | C21: 226 | D21: =IFERROR(B21/(B21+C21),0) -> 0.58148148

Sheet DashExecutivo
B2: DASHBOARD EXECUTIVO - INDICADORES ACADÉMICOS
B5: =Indicadores!B3 -> 3240 | E5: =Indicadores!B6 -> 0.59382716 | H5: =Indicadores!B7 -> 10.876327 | K5: =Indicadores!B8 -> 72.462932
B7: Total de avaliações | E7: Taxa de Aprovação | H7: Nota Média | K7: Assiduidade Média
B45: Fonte: Dataset sintético de avaliações académicas (2024–2026) | Ferramenta: Microsoft Excel.
